{
  "best_x": [
    1.0,
    1.1181293140932962,
    0.6840884808207663
  ],
  "best_ppa": [
    0.4065537750720978,
    0.999157726764679,
    0.5107417702674866
  ],
  "best_reward": 0.3372330665588379,
  "eda_calls": 4
}