mean_reward,std_reward,best_reward,best_ppa,step
-10.378074032068252,0.0,-10.378074032068252,"[0.5224315524101257, 0.56694495677948, 0.5041284561157227]",10000
-10.378074032068252,0.0,-10.378074032068252,"[0.5224315524101257, 0.56694495677948, 0.5041284561157227]",20000
-10.378074032068252,0.0,-10.378074032068252,"[0.5224315524101257, 0.56694495677948, 0.5041284561157227]",30000
-10.378074032068252,0.0,-10.378074032068252,"[0.5224315524101257, 0.56694495677948, 0.5041284561157227]",40000
-9.618394680036449,2.3101134108855224,-4.718530339002611,"[0.5136280059814453, 0.7223917841911316, 0.5057927966117859]",50000
