{
  "total_steps": 50000,
  "best_mean_reward": -9.618394680036449,
  "final_mean_reward": -9.618394680036449,
  "eda_verification": {
    "knobs": [
      2.293217182159424,
      1.1481574773788452,
      0.8701328039169312,
      3.0
    ],
    "true_ppa": [
      0.4698985360508279,
      0.5609396407270136,
      0.4327710268558527
    ],
    "surrogate_ppa": [
      0.5132991671562195,
      0.7257301807403564,
      0.5058842897415161
    ],
    "mae": 0.0937681446681326
  },
  "seed": 42
}