{
  "best_params": {
    "n_estimators": 500,
    "max_depth": 8,
    "learning_rate": 0.05,
    "subsample": 0.8,
    "colsample_bytree": 0.8,
    "reg_lambda": 1.0,
    "random_state": 42,
    "n_jobs": -1,
    "early_stopping_rounds": 20
  },
  "n_train": 192,
  "n_test": 12,
  "test_metrics": {
    "power": {
      "mae": 0.7954980731010437,
      "rmse": 0.9747350760758342,
      "r2": -1.4862287044525146
    },
    "perf": {
      "mae": 0.018275734037160873,
      "rmse": 0.027704130097009817,
      "r2": 0.9933092594146729
    },
    "area": {
      "mae": 1.0307308435440063,
      "rmse": 1.2171131292498636,
      "r2": -2.0183753967285156
    }
  },
  "avg_mae": 0.614834883560737,
  "avg_r2": -0.8370982805887858,
  "target_10pct_met": false,
  "seed": 42
}